<userInput>
	<panel order="0">
		<field 	type="search" 
				variable="INSTALL_PATH"
				size="45">
  			<description align="left" />
  			<spec 	txt="Path to gvSIG:" 
		  			id="text.label"
  					checkfilename="bin/andami.jar"
        			type="directory" 
        			result="directory">
  			<choice value="/usr/local/gvSIG_1.0" os="unix" />
  			<choice value="/opt/gvSIG_1.0" os="unix" />
  			<choice value="$USER_HOME/gvSIG_1.0" os="unix" />
  			<choice value="$USER_HOME/gvSIG_1.1" os="unix" />
  			<choice value="$USER_HOME/gvSIG_1.1.1" os="unix" />
  			<choice value="$USER_HOME/gvSIG_1.9" os="unix" />
  			<choice value="C:\Archivos de Programa\gvSIG_1.0" os="windows" />
  			<choice value="C:\Archivos de Programa\gvSIG_1.1" os="windows" />
  			<choice value="C:\Archivos de Programa\gvSIG_1.9" os="windows" />
  			<choice value="C:\Program Files\gvSIG_1.0" os="windows" />
  			<choice value="C:\Program Files\gvSIG_1.1" os="windows" />
  			<choice value="C:\Program Files\gvSIG_1.9" os="windows" />
  			</spec>
		</field>
	</panel>
</userInput>

